{"cameraMode":{"drawMode":0,"name":"Shaded","section":"Shading Mode"},"sceneLighting":true,"audioPlay":false,"sceneViewState":{"showFog":true,"showMaterialUpdate":false,"showSkybox":true,"showFlares":true,"showImageEffects":true,"showParticleSystems":true},"in2DMode":false,"pivot":{"x":6.689516067504883,"y":-15.654169082641602,"z":-16.973949432373048},"rotation":{"x":-0.32929354906082156,"y":0.6179195046424866,"z":-0.31841394305229189,"w":-0.6390410661697388},"size":26.099212646484376,"orthographic":false}